<?xml version="1.0" encoding="UTF-8" ?>
<!DOCTYPE mapper
        PUBLIC "-//mybatis.org//DTD Mapper 3.0//EN"
        "http://mybatis.org/dtd/mybatis-3-mapper.dtd">
 <mapper namespace="qna">
 	<select id="entireList" resultType="com.ssafy.edu.vue.dto.QnADto">
		select qno, title, writer, date,answerflag from QnA;
	</select>
	
	<select id="getQnA" parameterType="java.lang.Integer" resultType="com.ssafy.edu.vue.dto.QnADto">
	select qno,title,content,writer,date,answer,answerflag from qna where qno = #{qno};
	</select>
	
	
	<insert id="insertQuestion" parameterType="com.ssafy.edu.vue.dto.QnADto">
		insert into qna(title,content,writer,date,answerflag) values(#{title},#{content},#{writer},curdate(),#{answerflag});
	</insert>
	
	<update id="addAnswer" parameterType="com.ssafy.edu.vue.dto.QnADto">
	update qna set answer =#{answer}, answerflag = True  where qno = #{qno};
	</update>
	
	<delete id="deleteQnA" parameterType="java.lang.Integer">
	delete from QnA where qno = #{qno}
	</delete>
</mapper>